{"cameraMode":{"drawMode":0,"name":"Shaded","section":"Shading Mode"},"sceneLighting":false,"audioPlay":false,"sceneViewState":{"showFog":false,"showMaterialUpdate":false,"showSkybox":false,"showFlares":false,"showImageEffects":false,"showParticleSystems":false,"showVisualEffectGraphs":true,"m_FxEnabled":true},"in2DMode":false,"pivot":{"x":-0.09809111058712006,"y":0.5020846724510193,"z":-0.039373695850372317},"rotation":{"x":-0.0007363336044363678,"y":-0.990649938583374,"z":0.1363823115825653,"w":-0.005342333577573299},"size":0.7133731842041016,"orthographic":false}